<?xml version="1.0" encoding="UTF-8"?>
<project-private xmlns="http://www.netbeans.org/ns/project-private/1">
    <editor-bookmarks xmlns="http://www.netbeans.org/ns/editor-bookmarks/2" lastBookmarkId="0"/>
    <open-files xmlns="http://www.netbeans.org/ns/projectui-open-files/2">
        <group>
            <file>file:/D:/java/coding%20part/2-1%20project/src/Connection2.java</file>
            <file>file:/D:/java/coding%20part/2-1%20project/src/DepositeDetails.java</file>
            <file>file:/D:/java/coding%20part/2-1%20project/src/newHomePage.java</file>
            <file>file:/D:/java/coding%20part/2-1%20project/src/graph.java</file>
            <file>file:/D:/java/coding%20part/2-1%20project/src/Loginpage.java</file>
            <file>file:/D:/java/coding%20part/2-1%20project/src/Registrationpage.java</file>
            <file>file:/D:/java/coding%20part/2-1%20project/src/piechart.java</file>
            <file>file:/D:/java/coding%20part/2-1%20project/src/mainpageForUser.java</file>
            <file>file:/D:/java/coding%20part/2-1%20project/src/barchart.java</file>
            <file>file:/D:/java/coding%20part/2-1%20project/src/mainpage.java</file>
            <file>file:/D:/java/coding%20part/2-1%20project/src/AboutUs.java</file>
            <file>file:/D:/java/coding%20part/2-1%20project/src/contactus.java</file>
            <file>file:/D:/java/coding%20part/2-1%20project/src/Homepage.java</file>
            <file>file:/D:/java/coding%20part/2-1%20project/src/NEWCUSTOMERDETAILS.java</file>
            <file>file:/D:/java/coding%20part/2-1%20project/src/CustomerDetails.java</file>
            <file>file:/D:/java/coding%20part/2-1%20project/src/Mynotice.java</file>
            <file>file:/D:/java/coding%20part/2-1%20project/src/billdetails.java</file>
            <file>file:/D:/java/coding%20part/2-1%20project/src/copyaboutuspage.java</file>
            <file>file:/D:/java/coding%20part/2-1%20project/src/generatebill.java</file>
            <file>file:/D:/java/coding%20part/2-1%20project/src/meterInformation.java</file>
            <file>file:/D:/java/coding%20part/2-1%20project/src/dailyGraph.java</file>
            <file>file:/D:/java/coding%20part/2-1%20project/src/homepageItem/home%20page%20changing.jpg</file>
            <file>file:/D:/java/coding%20part/2-1%20project/src/pkg2/pkg1/project/1710491493763.jpg</file>
        </group>
    </open-files>
</project-private>
